{
    "verts": [
        [
            0.0,
            0.0,
            -0.0
        ],
        [
            0.0,
            0.15,
            -0.0
        ],
        [
            1.2714494240093814,
            0.0,
            -1.75
        ],
        [
            1.2714494240093814,
            0.15,
            -1.75
        ],
        [
            2.057248383023656,
            0.0,
            0.6684405196876837
        ],
        [
            2.057248383023656,
            0.15,
            0.6684405196876837
        ],
        [
            2.649056711303905e-16,
            0.0,
            2.1631189606246317
        ],
        [
            2.649056711303905e-16,
            0.15,
            2.1631189606246317
        ],
        [
            -2.0572483830236554,
            0.0,
            0.6684405196876843
        ],
        [
            -2.0572483830236554,
            0.15,
            0.6684405196876843
        ],
        [
            -1.2714494240093819,
            0.0,
            -1.7499999999999996
        ],
        [
            -1.2714494240093819,
            0.15,
            -1.7499999999999996
        ]
    ],
    "tris": [
        [
            4,
            2,
            0
        ],
        [
            2,
            4,
            5
        ],
        [
            2,
            5,
            3
        ],
        [
            3,
            5,
            1
        ],
        [
            6,
            4,
            0
        ],
        [
            4,
            6,
            7
        ],
        [
            4,
            7,
            5
        ],
        [
            5,
            7,
            1
        ],
        [
            8,
            6,
            0
        ],
        [
            6,
            8,
            9
        ],
        [
            6,
            9,
            7
        ],
        [
            7,
            9,
            1
        ],
        [
            10,
            8,
            0
        ],
        [
            8,
            10,
            11
        ],
        [
            8,
            11,
            9
        ],
        [
            9,
            11,
            1
        ],
        [
            2,
            10,
            0
        ],
        [
            10,
            2,
            3
        ],
        [
            10,
            3,
            11
        ],
        [
            11,
            3,
            1
        ]
    ],
    "colors": [
        3,
        3,
        2,
        3,
        2,
        3,
        1,
        0,
        1,
        0,
        0,
        3,
        3,
        1,
        1,
        3,
        3,
        1,
        2,
        1
    ]
}